class,female,male
First,0.9680851063829787,0.36885245901639346
Second,0.9210526315789473,0.1574074074074074
Third,0.5,0.13544668587896252
